Food Bank Name,Address,Zip Code,Latitude,Longitude
Catholic Charities Long Beach Community Service Center,"123 E. 14th Street, Long Beach, CA 90813",90813,33.7840149,-118.1920066
Holman United Methodist Church Food Pantry,"3320 W Adams Blvd, Los Angeles, CA 90018",90018,34.03255063,-118.3202769
San Dimas Center,"110 E Third Street, San Dimas, CA 91773",91773,34.1098423,-117.8063072
Faith Tabernacle Church Pantry,"2147 Purdue Ave, Los Angeles, CA 90025",90025,34.03772347,-118.4438665
Solid Rock Church,"1645 Beverly Blvd, Los Angeles, CA 90026",90026,34.06410281,-118.2643826
St. Gerard's Majella Social Service Food Pantry,"4439 Inglewood Blvd, Los Angeles, CA 90066",90066,33.99548726,-118.4188884
Beta Program Center,"209 W. Pearl Street, Pomona, CA 91768",91768,34.06463847,-117.7526378
Parkcrest Church (Heartwell),"3936 Woodruff Ave, Long Beach, CA 90808",90808,33.8294275,-118.1164576
Los Angeles Regional Foodbank,"1734 E 41st St, Los Angeles, CA 90058",90058,34.0083616,-118.2454895
Mama Rosa's Food Pantry - Gardena Genesis Comm. Church SDA,"16113 Denker Ave, Gardena, CA 90247",90247,33.8843407,-118.3044767
Cal State LA Food Pantry,"5151 State University Drive, Los Angeles, CA 90032",90032,34.0664949,-118.1671415
Inland Valley Hope Partners Urban Mission Ourtreach,"1753 N Park Ave, Pomona, CA 91768",91768,34.07741078,-117.7528232
World Harvest Food Bank,"3100 Venice Blvd Los Angeles, CA 90019",90019,34.043487,-118.317859
Claremont Center,"660 N. Mount Ave Claremont, CA 91711",91711,34.10002193,-117.7279573
New Life Community,"275 E Foothill Blvd Pomona, CA 91767",91767,34.1070617,-117.7374136
La Puente Church of Christ,"15124 Amar Rd, La Puente, CA 91746",91746,34.03870438,-117.9539571
St. Augustine's S.A.V.E.S. Food Pantry,"3850 Jasmine Ave. Culver City, CA 90232",90232,34.02107855,-118.4007534
Westside Food Bank,"1710 22nd Street Santa Monica, CA 90404",90404,34.0252623,-118.4728412
Lighthouse Foursquare,"622 N Maclay Ave. San Fernando, CA 91340",91340,34.28926845,-118.4324617
Emergency Resources Association El Monte/South El Monte,"10900 Mulhall Ave. El Monte, CA 91733",91733,34.08891407,-118.0284215
