Grocery Name,Address,zipcode,latitude,longitude
7th St. Long Beach,"1340 E. 7th Street Long Beach, CA 90813",90813,33.78,-118.17
Altadena,"2270 Lake Ave. Altadena, CA 91001",91001,34.19,-118.13
Anaheim,"3430 W Lincoln Avenue Anaheim, CA 92801",92801,33.83,-118.01
Arcadia Live Oak,"140 E Live Oak Avenue Arcadia, CA 91006",91006,34.11,-118.02
Arcadia-Foothill,"165 E Foothill Boulevard Arcadia, CA 91006",91006,34.15,-118.03
Avocado Heights,"520 Workman Mill Road La Puente, CA 91746",91746,34.04,-118.00
Azusa,"355 N. Citrus Avenue Azusa, CA 91702",91702,34.13,-117.89
Baldwin Park,"4249 Maine Avenue Baldwin Park, CA 91706",91706,34.09,-117.96
Burbank,"1615 W. Verdugo Avenue Burbank, CA 91506",91506,34.17,-118.32
Chino Hills,"4022 Chino Hills Parkway Chino Hills, CA 91709",91709,33.98,-117.72
Compton,"2175 West Rosecrans Avenue Compton, CA 90222",90222,33.90,-118.23
Costa Mesa,"1835 Newport Blvd, Suite #C140 Costa Mesa, CA 92627",92627,33.64,-117.92
Downey,"8320 Firestone Blvd Downey, CA 90241",90241,33.94,-118.13
Downtown LA,"1120 West 6th Street, Ste 103 Los Angeles, CA 90017",90017,34.05,-118.26
Duarte,"1322 Huntington Drive Duarte, CA 91010",91010,34.14,-117.97
Fountain Valley,"18920 Brookhurst Street Fountain Valley, CA 92708",92708,33.69,-117.95
Fullerton,"120 N. Raymond Ave. Fullerton, CA 92831",92831,33.87,-117.91
Highland Park,"5461 N Figueroa Street Los Angeles, CA 90042",90042,34.11,-118.20
Huntington Beach,"16672 Beach Blvd., Suite I Huntington Beach, CA 92647",92647,33.72,-117.99
Inglewood,"2810 W. Imperial Highway Inglewood, CA 90303",90303,33.93,-118.32
La Habra,"2001 W Whittier Blvd La Habra, CA 90631",90631,33.94,-117.97
La Mirada,"15745 Imperial Highway,suite B La Mirada, CA 90638",90638,33.92,-118.00
Lake Forest,"22475 El Toro Road Lake Forest, CA 92630",92630,33.64,-117.68
Lakewood CA,"5615 Woodruff Avenue Lakewood, CA 90713",90713,33.86,-118.12
Long Beach,"6436 East Spring Street Long Beach, CA 90815",90815,33.81,-118.11
Long Beach-Wardlow,"8145 E Wardlow Road Long Beach, CA 90808",90808,33.82,-118.07
Norco,"1428 Sixth Street Norco, CA 92860",92860,33.94,-117.55
Norwalk,"14027 Pioneer Blvd. Norwalk, CA 90650",90650,33.90,-118.08
Ontario CA,"2275 South Euclid Ave Ontario, CA 91762",91762,34.03,-117.65
Ontario Mills Pkwy,"4420 Ontario Mills Parkway Ontario, CA 91764",91764,34.07,-117.55
Orange,"1803 East Chapman Avenue Orange, CA 92867",92867,33.79,-117.83
Paramount,"15719 Downey Ave Paramount, CA 90723",90723,33.89,-118.15
Placentia,"1820 N. Placentia Ave, Ste. B Placentia, CA 92870",92870,33.90,-117.87
Redondo Beach,"2115 Artesia Blvd. Redondo Beach, CA 90278",90278,33.87,-118.37
Rosemead,"9026 East Valley Blvd. Rosemead, CA 91770",91770,34.08,-118.07
San Gabriel,"7260 Rosemead Blvd. San Gabriel, CA 91775",91775,34.13,-118.07
South Pasadena,"1401 Huntington Drive South Pasadena, CA 91030",91030,34.10,-118.15
Sun Valley,"8920 Glenoaks Blvd. Sun Valley, CA 91352",91352,34.25,-118.39
Tustin,"12932 Newport Ave., Suite 20 Tustin, CA 92780",92780,33.75,-117.81
Upland Village,"176 South Mountain Avenue Upland, CA 91786",91786,34.09,-117.67
West Covina,"1528 E Amar Road West Covina, CA 91792",91792,34.03,-117.91
Westminster,"15412 Goldenwest Street Westminster, CA 92683",92683,33.74,-118.01
Whittier,"13301 Whittier Blvd Whittier, CA 90602",90602,33.96,-118.03
Woodbridge Village,"4730 Barranca Pkwy, Suite 4730 Irvine, CA 92604",92604,33.68,-117.80
